filename,content
sample-3.pdf,"Hello
I’m Your Name
123 YOUR STREET
YOUR CITY, ST 12345
(123) 456-7890
NO_REPLY@EXAMPLE.COM
Skills
Lorem ipsum dolor sit amet, consectetur adipiscing elit. Aenean ac interdum nisi. Sed in consequat
mi. Sed pulvinar lacinia felis eu ﬁnibus.
Experience
MONTH 20XX - PRESENT
Company Name, Location - Job Title
●
Lorem ipsum dolor sit amet, consectetur adipiscing elit.
●
Aenean ac interdum nisi. Sed in consequat mi.
●
Sed in consequat mi, sed pulvinar lacinia felis eu ﬁnibus.
MONTH 20XX - MONTH 20XX
Company Name, Location - Job Title
●
Lorem ipsum dolor sit amet, consectetur adipiscing elit.
●
Aenean ac interdum nisi. Sed in consequat mi.
MONTH 20XX - MONTH 20XX
Company Name, Location - Job Title
●
Lorem ipsum dolor sit amet, consectetur adipiscing elit.
●
Aenean ac interdum nisi. Sed in consequat mi.
●
Sed pulvinar lacinia felis eu ﬁnibus.
Education
MONTH  20XX - MONTH 20XX
College Name, Location - Degree
Lorem ipsum dolor sit amet, consectetuer adipiscing elit, sed diam nonummy nibh euismod tincidunt
ut laoreet dolore.
Awards
Lorem ipsum dolor sit amet, consectetur adipiscing elit.
Aenean ac interdum nisi."
sample-2.pdf,"Your Name
123 Your Street
Your City, ST 12345
(123) 456-7890
no_reply@example.com
4th September 20XX
Ronny Reader
CEO, Company Name
123 Address St
Anytown, ST 12345
Dear Ms. Reader,
Lorem ipsum dolor sit amet, consectetuer adipiscing elit, sed diam nonummy
nibh euismod tincidunt ut laoreet dolore magna aliquam erat volutpat. Ut wisi
enim ad minim veniam, quis nostrud exerci tation ullamcorper suscipit lobortis
nisl ut aliquip ex ea commodo consequat.
Duis autem vel eum iriure dolor in hendrerit in vulputate velit esse molestie
consequat, vel illum dolore eu feugiat nulla facilisis at vero eros et accumsan.
Nam liber tempor cum soluta nobis eleifend option congue nihil imperdiet
doming id quod mazim placerat facer possim assum. Typi non habent
claritatem insitam; est usus legentis in iis qui facit eorum claritatem.
Investigationes demonstraverunt lectores legere me lius quod ii legunt
saepius.
Sincerely,
Your Name"
sample-1.pdf,"Your Company
123 Your Street
Your City, ST 12345
(123) 456 - 7890
Product Brochure
September 04, 20XX
Product Overview
Lorem ipsum dolor sit amet, consectetuer adipiscing elit, sed diam nonummy nibh euismod
tincidunt ut laoreet dolore magna aliquam erat volutpat. Ut wisi enim ad minim veniam, quis
nostrud exerci tation ullamcorper suscipit lobortis nisl ut aliquip ex ea commodo consequat.
Lorem ipsum
Nam liber tempor cum soluta nobis eleifend option
congue nihil imperdiet doming id quod mazim
placerat facer possim assum. Typi non habent
claritatem insitam; est usus legentis in iis qui facit
eorum claritatem.
Lorem ipsum
Duis autem vel eum iriure dolor in hendrerit in
vulputate velit esse molestie consequat, vel illum
dolore eu feugiat nulla facilisis at vero eros et
accumsan.
Dolor sit
Lorem ipsum dolor sit amet, consectetuer adipiscing elit, sed diam nonummy nibh euismod
tincidunt ut laoreet dolore magna aliquam erat volutpat. Ut wisi enim ad minim veniam, quis
nostrud exerci tation ullamcorper suscipit lobortis nisl ut aliquip ex ea commodo consequat.
2
Details
Nam liber tempor cum soluta nobis eleifend option congue nihil imperdiet doming id quod
mazim placerat facer possim assum. Typi non habent claritatem insitam; est usus legentis in iis
qui facit eorum claritatem. Investigationes demonstraverunt lectores legere me lius quod ii
legunt saepius. Lorem ipsum dolor sit amet, consectetuer adipiscing elit, sed diam nonummy
nibh euismod tincidunt ut laoreet dolore magna aliquam erat volutpat. Ut wisi enim ad minim
veniam, quis nostrud exerci tation ullamcorper suscipit lobortis nisl ut aliquip ex ea commodo
consequat.
Lorem ipsum dolor sit amet, consectetuer adipiscing elit, sed diam nonummy nibh euismod
tincidunt ut laoreet dolore magna aliquam erat volutpat. Ut wisi enim ad minim veniam, quis
nostrud exerci tation ullamcorper suscipit lobortis nisl ut aliquip ex ea commodo consequat.
Duis autem vel eum iriure dolor in hendrerit in vulputate velit esse molestie consequat, vel illum
dolore eu feugiat nulla facilisis at vero eros et accumsan."
test-sample-546.pdf,Questo è un PDF di test
test-sample-220.pdf,Questo è un PDF di test
test-sample-234.pdf,Questo è un PDF di test
test-sample-552.pdf,Questo è un PDF di test
test-sample-208.pdf,Questo è un PDF di test
test-sample-585.pdf,Questo è un PDF di test
test-sample-591.pdf,Questo è un PDF di test
test-sample-744.pdf,Questo è un PDF di test
test-sample-750.pdf,Questo è un PDF di test
test-sample-988.pdf,Questo è un PDF di test
test-sample-778.pdf,Questo è un PDF di test
test-sample-787.pdf,Questo è un PDF di test
test-sample-793.pdf,Questo è un PDF di test
test-sample-963.pdf,Questo è un PDF di test
test-sample-977.pdf,Questo è un PDF di test
test-sample-156.pdf,Questo è un PDF di test
test-sample-630.pdf,Questo è un PDF di test
test-sample-624.pdf,Questo è un PDF di test
test-sample-142.pdf,Questo è un PDF di test
test-sample-618.pdf,Questo è un PDF di test
test-sample-195.pdf,Questo è un PDF di test
test-sample-10.pdf,Questo è un PDF di test
test-sample-181.pdf,Questo è un PDF di test
test-sample-817.pdf,Questo è un PDF di test
test-sample-38.pdf,Questo è un PDF di test
test-sample-803.pdf,Questo è un PDF di test
test-sample-432.pdf,Questo è un PDF di test
test-sample-354.pdf,Questo è un PDF di test
test-sample-340.pdf,Questo è un PDF di test
test-sample-426.pdf,Questo è un PDF di test
test-sample-368.pdf,Questo è un PDF di test
test-sample-397.pdf,Questo è un PDF di test
test-sample-383.pdf,Questo è un PDF di test
test-sample-382.pdf,Questo è un PDF di test
test-sample-396.pdf,Questo è un PDF di test
test-sample-369.pdf,Questo è un PDF di test
test-sample-341.pdf,Questo è un PDF di test
test-sample-427.pdf,Questo è un PDF di test
test-sample-433.pdf,Questo è un PDF di test
test-sample-355.pdf,Questo è un PDF di test
test-sample-802.pdf,Questo è un PDF di test
test-sample-39.pdf,Questo è un PDF di test
test-sample-816.pdf,Questo è un PDF di test
test-sample-180.pdf,Questo è un PDF di test
test-sample-194.pdf,Questo è un PDF di test
test-sample-11.pdf,Questo è un PDF di test
test-sample-619.pdf,Questo è un PDF di test
test-sample-625.pdf,Questo è un PDF di test
test-sample-143.pdf,Questo è un PDF di test
test-sample-157.pdf,Questo è un PDF di test
test-sample-631.pdf,Questo è un PDF di test
test-sample-976.pdf,Questo è un PDF di test
test-sample-962.pdf,Questo è un PDF di test
test-sample-792.pdf,Questo è un PDF di test
test-sample-786.pdf,Questo è un PDF di test
test-sample-779.pdf,Questo è un PDF di test
test-sample-989.pdf,Questo è un PDF di test
test-sample-751.pdf,Questo è un PDF di test
test-sample-745.pdf,Questo è un PDF di test
test-sample-590.pdf,Questo è un PDF di test
test-sample-584.pdf,Questo è un PDF di test
test-sample-209.pdf,Questo è un PDF di test
test-sample-235.pdf,Questo è un PDF di test
test-sample-553.pdf,Questo è un PDF di test
test-sample-547.pdf,Questo è un PDF di test
test-sample-221.pdf,Questo è un PDF di test
test-sample-551.pdf,Questo è un PDF di test
test-sample-237.pdf,Questo è un PDF di test
test-sample-223.pdf,Questo è un PDF di test
test-sample-545.pdf,Questo è un PDF di test
test-sample-579.pdf,Questo è un PDF di test
test-sample-592.pdf,Questo è un PDF di test
test-sample-586.pdf,Questo è un PDF di test
test-sample-753.pdf,Questo è un PDF di test
test-sample-747.pdf,Questo è un PDF di test
test-sample-948.pdf,Questo è un PDF di test
test-sample-790.pdf,Questo è un PDF di test
test-sample-784.pdf,Questo è un PDF di test
test-sample-974.pdf,Questo è un PDF di test
test-sample-960.pdf,Questo è un PDF di test
test-sample-141.pdf,Questo è un PDF di test
test-sample-627.pdf,Questo è un PDF di test
test-sample-633.pdf,Questo è un PDF di test
test-sample-155.pdf,Questo è un PDF di test
test-sample-169.pdf,Questo è un PDF di test
test-sample-182.pdf,Questo è un PDF di test
test-sample-13.pdf,Questo è un PDF di test
test-sample-828.pdf,Questo è un PDF di test
test-sample-196.pdf,Questo è un PDF di test
test-sample-800.pdf,Questo è un PDF di test
test-sample-814.pdf,Questo è un PDF di test
test-sample-425.pdf,Questo è un PDF di test
test-sample-343.pdf,Questo è un PDF di test
test-sample-357.pdf,Questo è un PDF di test
test-sample-431.pdf,Questo è un PDF di test
test-sample-419.pdf,Questo è un PDF di test
test-sample-380.pdf,Questo è un PDF di test
test-sample-394.pdf,Questo è un PDF di test
test-sample-395.pdf,Questo è un PDF di test
test-sample-381.pdf,Questo è un PDF di test
test-sample-1000.pdf,Questo è un PDF di test
test-sample-418.pdf,Questo è un PDF di test
test-sample-356.pdf,Questo è un PDF di test
test-sample-430.pdf,Questo è un PDF di test
test-sample-424.pdf,Questo è un PDF di test
test-sample-342.pdf,Questo è un PDF di test
test-sample-815.pdf,Questo è un PDF di test
test-sample-801.pdf,Questo è un PDF di test
test-sample-829.pdf,Questo è un PDF di test
test-sample-12.pdf,Questo è un PDF di test
test-sample-197.pdf,Questo è un PDF di test
test-sample-183.pdf,Questo è un PDF di test
test-sample-168.pdf,Questo è un PDF di test
test-sample-632.pdf,Questo è un PDF di test
test-sample-154.pdf,Questo è un PDF di test
test-sample-140.pdf,Questo è un PDF di test
test-sample-626.pdf,Questo è un PDF di test
test-sample-961.pdf,Questo è un PDF di test
test-sample-975.pdf,Questo è un PDF di test
test-sample-785.pdf,Questo è un PDF di test
test-sample-791.pdf,Questo è un PDF di test
test-sample-949.pdf,Questo è un PDF di test
test-sample-746.pdf,Questo è un PDF di test
test-sample-752.pdf,Questo è un PDF di test
test-sample-587.pdf,Questo è un PDF di test
test-sample-593.pdf,Questo è un PDF di test
test-sample-578.pdf,Questo è un PDF di test
test-sample-222.pdf,Questo è un PDF di test
test-sample-544.pdf,Questo è un PDF di test
test-sample-550.pdf,Questo è un PDF di test
test-sample-236.pdf,Questo è un PDF di test
test-sample-568.pdf,Questo è un PDF di test
test-sample-232.pdf,Questo è un PDF di test
test-sample-554.pdf,Questo è un PDF di test
test-sample-540.pdf,Questo è un PDF di test
test-sample-226.pdf,Questo è un PDF di test
test-sample-597.pdf,Questo è un PDF di test
test-sample-583.pdf,Questo è un PDF di test
test-sample-756.pdf,Questo è un PDF di test
test-sample-742.pdf,Questo è un PDF di test
test-sample-971.pdf,Questo è un PDF di test
test-sample-965.pdf,Questo è un PDF di test
test-sample-795.pdf,Questo è un PDF di test
test-sample-959.pdf,Questo è un PDF di test
test-sample-781.pdf,Questo è un PDF di test
test-sample-178.pdf,Questo è un PDF di test
test-sample-622.pdf,Questo è un PDF di test
test-sample-144.pdf,Questo è un PDF di test
test-sample-150.pdf,Questo è un PDF di test
test-sample-636.pdf,Questo è un PDF di test
test-sample-805.pdf,Questo è un PDF di test
test-sample-811.pdf,Questo è un PDF di test
test-sample-839.pdf,Questo è un PDF di test
test-sample-187.pdf,Questo è un PDF di test
test-sample-193.pdf,Questo è un PDF di test
test-sample-16.pdf,Questo è un PDF di test
test-sample-408.pdf,Questo è un PDF di test
test-sample-346.pdf,Questo è un PDF di test
test-sample-420.pdf,Questo è un PDF di test
test-sample-434.pdf,Questo è un PDF di test
test-sample-352.pdf,Questo è un PDF di test
test-sample-385.pdf,Questo è un PDF di test
test-sample-391.pdf,Questo è un PDF di test
test-sample-390.pdf,Questo è un PDF di test
test-sample-384.pdf,Questo è un PDF di test
test-sample-435.pdf,Questo è un PDF di test
test-sample-353.pdf,Questo è un PDF di test
test-sample-347.pdf,Questo è un PDF di test
test-sample-421.pdf,Questo è un PDF di test
test-sample-409.pdf,Questo è un PDF di test
test-sample-192.pdf,Questo è un PDF di test
test-sample-17.pdf,Questo è un PDF di test
test-sample-838.pdf,Questo è un PDF di test
test-sample-186.pdf,Questo è un PDF di test
test-sample-810.pdf,Questo è un PDF di test
test-sample-804.pdf,Questo è un PDF di test
test-sample-151.pdf,Questo è un PDF di test
test-sample-637.pdf,Questo è un PDF di test
test-sample-623.pdf,Questo è un PDF di test
test-sample-145.pdf,Questo è un PDF di test
test-sample-179.pdf,Questo è un PDF di test
test-sample-780.pdf,Questo è un PDF di test
test-sample-958.pdf,Questo è un PDF di test
test-sample-794.pdf,Questo è un PDF di test
test-sample-964.pdf,Questo è un PDF di test
test-sample-970.pdf,Questo è un PDF di test
test-sample-743.pdf,Questo è un PDF di test
test-sample-757.pdf,Questo è un PDF di test
test-sample-582.pdf,Questo è un PDF di test
test-sample-596.pdf,Questo è un PDF di test
test-sample-541.pdf,Questo è un PDF di test
test-sample-227.pdf,Questo è un PDF di test
test-sample-233.pdf,Questo è un PDF di test
test-sample-555.pdf,Questo è un PDF di test
test-sample-569.pdf,Questo è un PDF di test
test-sample-219.pdf,Questo è un PDF di test
test-sample-225.pdf,Questo è un PDF di test
test-sample-543.pdf,Questo è un PDF di test
test-sample-557.pdf,Questo è un PDF di test
test-sample-231.pdf,Questo è un PDF di test
test-sample-580.pdf,Questo è un PDF di test
test-sample-594.pdf,Questo è un PDF di test
test-sample-769.pdf,Questo è un PDF di test
test-sample-741.pdf,Questo è un PDF di test
test-sample-999.pdf,Questo è un PDF di test
test-sample-755.pdf,Questo è un PDF di test
test-sample-966.pdf,Questo è un PDF di test
test-sample-972.pdf,Questo è un PDF di test
test-sample-782.pdf,Questo è un PDF di test
test-sample-796.pdf,Questo è un PDF di test
test-sample-609.pdf,Questo è un PDF di test
test-sample-635.pdf,Questo è un PDF di test
test-sample-153.pdf,Questo è un PDF di test
test-sample-147.pdf,Questo è un PDF di test
test-sample-621.pdf,Questo è un PDF di test
test-sample-29.pdf,Questo è un PDF di test
test-sample-812.pdf,Questo è un PDF di test
test-sample-806.pdf,Questo è un PDF di test
test-sample-15.pdf,Questo è un PDF di test
test-sample-190.pdf,Questo è un PDF di test
test-sample-184.pdf,Questo è un PDF di test
test-sample-379.pdf,Questo è un PDF di test
test-sample-351.pdf,Questo è un PDF di test
test-sample-437.pdf,Questo è un PDF di test
test-sample-423.pdf,Questo è un PDF di test
test-sample-345.pdf,Questo è un PDF di test
test-sample-392.pdf,Questo è un PDF di test
test-sample-386.pdf,Questo è un PDF di test
test-sample-387.pdf,Questo è un PDF di test
test-sample-393.pdf,Questo è un PDF di test
test-sample-422.pdf,Questo è un PDF di test
test-sample-344.pdf,Questo è un PDF di test
test-sample-350.pdf,Questo è un PDF di test
test-sample-436.pdf,Questo è un PDF di test
test-sample-378.pdf,Questo è un PDF di test
test-sample-185.pdf,Questo è un PDF di test
test-sample-14.pdf,Questo è un PDF di test
test-sample-191.pdf,Questo è un PDF di test
test-sample-807.pdf,Questo è un PDF di test
test-sample-813.pdf,Questo è un PDF di test
test-sample-28.pdf,Questo è un PDF di test
test-sample-146.pdf,Questo è un PDF di test
test-sample-620.pdf,Questo è un PDF di test
test-sample-634.pdf,Questo è un PDF di test
test-sample-152.pdf,Questo è un PDF di test
test-sample-608.pdf,Questo è un PDF di test
test-sample-797.pdf,Questo è un PDF di test
test-sample-783.pdf,Questo è un PDF di test
test-sample-973.pdf,Questo è un PDF di test
test-sample-967.pdf,Questo è un PDF di test
test-sample-754.pdf,Questo è un PDF di test
test-sample-998.pdf,Questo è un PDF di test
test-sample-740.pdf,Questo è un PDF di test
test-sample-768.pdf,Questo è un PDF di test
test-sample-595.pdf,Questo è un PDF di test
test-sample-581.pdf,Questo è un PDF di test
test-sample-556.pdf,Questo è un PDF di test
test-sample-230.pdf,Questo è un PDF di test
test-sample-224.pdf,Questo è un PDF di test
test-sample-542.pdf,Questo è un PDF di test
test-sample-218.pdf,Questo è un PDF di test
test-sample-243.pdf,Questo è un PDF di test
test-sample-525.pdf,Questo è un PDF di test
test-sample-531.pdf,Questo è un PDF di test
test-sample-257.pdf,Questo è un PDF di test
test-sample-519.pdf,Questo è un PDF di test
test-sample-280.pdf,Questo è un PDF di test
test-sample-294.pdf,Questo è un PDF di test
test-sample-727.pdf,Questo è un PDF di test
test-sample-9.pdf,Questo è un PDF di test
test-sample-733.pdf,Questo è un PDF di test
test-sample-928.pdf,Questo è un PDF di test
test-sample-900.pdf,Questo è un PDF di test
test-sample-914.pdf,Questo è un PDF di test
test-sample-653.pdf,Questo è un PDF di test
test-sample-135.pdf,Questo è un PDF di test
test-sample-121.pdf,Questo è un PDF di test
test-sample-647.pdf,Questo è un PDF di test
test-sample-109.pdf,Questo è un PDF di test
test-sample-98.pdf,Questo è un PDF di test
test-sample-73.pdf,Questo è un PDF di test
test-sample-690.pdf,Questo è un PDF di test
test-sample-848.pdf,Questo è un PDF di test
test-sample-67.pdf,Questo è un PDF di test
test-sample-684.pdf,Questo è un PDF di test
test-sample-874.pdf,Questo è un PDF di test
test-sample-860.pdf,Questo è un PDF di test
test-sample-337.pdf,Questo è un PDF di test
test-sample-451.pdf,Questo è un PDF di test
test-sample-445.pdf,Questo è un PDF di test
test-sample-323.pdf,Questo è un PDF di test
test-sample-479.pdf,Questo è un PDF di test
test-sample-492.pdf,Questo è un PDF di test
test-sample-486.pdf,Questo è un PDF di test
test-sample-487.pdf,Questo è un PDF di test
test-sample-493.pdf,Questo è un PDF di test
test-sample-478.pdf,Questo è un PDF di test
test-sample-444.pdf,Questo è un PDF di test
test-sample-322.pdf,Questo è un PDF di test
test-sample-336.pdf,Questo è un PDF di test
test-sample-450.pdf,Questo è un PDF di test
test-sample-861.pdf,Questo è un PDF di test
test-sample-875.pdf,Questo è un PDF di test
test-sample-685.pdf,Questo è un PDF di test
test-sample-66.pdf,Questo è un PDF di test
test-sample-849.pdf,Questo è un PDF di test
test-sample-691.pdf,Questo è un PDF di test
test-sample-72.pdf,Questo è un PDF di test
test-sample-99.pdf,Questo è un PDF di test
test-sample-108.pdf,Questo è un PDF di test
test-sample-120.pdf,Questo è un PDF di test
test-sample-646.pdf,Questo è un PDF di test
test-sample-652.pdf,Questo è un PDF di test
test-sample-134.pdf,Questo è un PDF di test
test-sample-915.pdf,Questo è un PDF di test
test-sample-901.pdf,Questo è un PDF di test
test-sample-929.pdf,Questo è un PDF di test
test-sample-732.pdf,Questo è un PDF di test
test-sample-8.pdf,Questo è un PDF di test
test-sample-726.pdf,Questo è un PDF di test
test-sample-295.pdf,Questo è un PDF di test
test-sample-281.pdf,Questo è un PDF di test
test-sample-518.pdf,Questo è un PDF di test
test-sample-530.pdf,Questo è un PDF di test
test-sample-256.pdf,Questo è un PDF di test
test-sample-242.pdf,Questo è un PDF di test
test-sample-524.pdf,Questo è un PDF di test
test-sample-254.pdf,Questo è un PDF di test
test-sample-532.pdf,Questo è un PDF di test
test-sample-526.pdf,Questo è un PDF di test
test-sample-240.pdf,Questo è un PDF di test
test-sample-268.pdf,Questo è un PDF di test
test-sample-297.pdf,Questo è un PDF di test
test-sample-283.pdf,Questo è un PDF di test
test-sample-730.pdf,Questo è un PDF di test
test-sample-724.pdf,Questo è un PDF di test
test-sample-718.pdf,Questo è un PDF di test
test-sample-917.pdf,Questo è un PDF di test
test-sample-903.pdf,Questo è un PDF di test
test-sample-644.pdf,Questo è un PDF di test
test-sample-122.pdf,Questo è un PDF di test
test-sample-136.pdf,Questo è un PDF di test
test-sample-888.pdf,Questo è un PDF di test
test-sample-650.pdf,Questo è un PDF di test
test-sample-678.pdf,Questo è un PDF di test
test-sample-687.pdf,Questo è un PDF di test
test-sample-64.pdf,Questo è un PDF di test
test-sample-693.pdf,Questo è un PDF di test
test-sample-70.pdf,Questo è un PDF di test
test-sample-58.pdf,Questo è un PDF di test
test-sample-863.pdf,Questo è un PDF di test
test-sample-877.pdf,Questo è un PDF di test
test-sample-320.pdf,Questo è un PDF di test
test-sample-446.pdf,Questo è un PDF di test
test-sample-452.pdf,Questo è un PDF di test
test-sample-334.pdf,Questo è un PDF di test
test-sample-308.pdf,Questo è un PDF di test
test-sample-485.pdf,Questo è un PDF di test
test-sample-491.pdf,Questo è un PDF di test
test-sample-490.pdf,Questo è un PDF di test
test-sample-484.pdf,Questo è un PDF di test
test-sample-309.pdf,Questo è un PDF di test
test-sample-453.pdf,Questo è un PDF di test
test-sample-335.pdf,Questo è un PDF di test
test-sample-321.pdf,Questo è un PDF di test
test-sample-447.pdf,Questo è un PDF di test
test-sample-876.pdf,Questo è un PDF di test
test-sample-862.pdf,Questo è un PDF di test
test-sample-59.pdf,Questo è un PDF di test
test-sample-71.pdf,Questo è un PDF di test
test-sample-692.pdf,Questo è un PDF di test
test-sample-65.pdf,Questo è un PDF di test
test-sample-686.pdf,Questo è un PDF di test
test-sample-679.pdf,Questo è un PDF di test
test-sample-137.pdf,Questo è un PDF di test
test-sample-651.pdf,Questo è un PDF di test
test-sample-889.pdf,Questo è un PDF di test
test-sample-645.pdf,Questo è un PDF di test
test-sample-123.pdf,Questo è un PDF di test
test-sample-902.pdf,Questo è un PDF di test
test-sample-916.pdf,Questo è un PDF di test
test-sample-719.pdf,Questo è un PDF di test
test-sample-725.pdf,Questo è un PDF di test
test-sample-731.pdf,Questo è un PDF di test
test-sample-282.pdf,Questo è un PDF di test
test-sample-296.pdf,Questo è un PDF di test
test-sample-269.pdf,Questo è un PDF di test
test-sample-527.pdf,Questo è un PDF di test
test-sample-241.pdf,Questo è un PDF di test
test-sample-255.pdf,Questo è un PDF di test
test-sample-533.pdf,Questo è un PDF di test
test-sample-279.pdf,Questo è un PDF di test
test-sample-537.pdf,Questo è un PDF di test
test-sample-251.pdf,Questo è un PDF di test
test-sample-245.pdf,Questo è un PDF di test
test-sample-523.pdf,Questo è un PDF di test
test-sample-292.pdf,Questo è un PDF di test
test-sample-286.pdf,Questo è un PDF di test
test-sample-709.pdf,Questo è un PDF di test
test-sample-735.pdf,Questo è un PDF di test
test-sample-721.pdf,Questo è un PDF di test
test-sample-912.pdf,Questo è un PDF di test
test-sample-906.pdf,Questo è un PDF di test
test-sample-669.pdf,Questo è un PDF di test
test-sample-127.pdf,Questo è un PDF di test
test-sample-899.pdf,Questo è un PDF di test
test-sample-641.pdf,Questo è un PDF di test
test-sample-655.pdf,Questo è un PDF di test
test-sample-133.pdf,Questo è un PDF di test
test-sample-866.pdf,Questo è un PDF di test
test-sample-49.pdf,Questo è un PDF di test
test-sample-872.pdf,Questo è un PDF di test
test-sample-682.pdf,Questo è un PDF di test
test-sample-61.pdf,Questo è un PDF di test
test-sample-696.pdf,Questo è un PDF di test
test-sample-75.pdf,Questo è un PDF di test
test-sample-319.pdf,Questo è un PDF di test
test-sample-443.pdf,Questo è un PDF di test
test-sample-325.pdf,Questo è un PDF di test
test-sample-331.pdf,Questo è un PDF di test
test-sample-457.pdf,Questo è un PDF di test
test-sample-480.pdf,Questo è un PDF di test
test-sample-494.pdf,Questo è un PDF di test
test-sample-495.pdf,Questo è un PDF di test
test-sample-481.pdf,Questo è un PDF di test
test-sample-330.pdf,Questo è un PDF di test
test-sample-456.pdf,Questo è un PDF di test
test-sample-442.pdf,Questo è un PDF di test
test-sample-324.pdf,Questo è un PDF di test
test-sample-318.pdf,Questo è un PDF di test
test-sample-74.pdf,Questo è un PDF di test
test-sample-697.pdf,Questo è un PDF di test
test-sample-60.pdf,Questo è un PDF di test
test-sample-683.pdf,Questo è un PDF di test
test-sample-873.pdf,Questo è un PDF di test
test-sample-48.pdf,Questo è un PDF di test
test-sample-867.pdf,Questo è un PDF di test
test-sample-654.pdf,Questo è un PDF di test
test-sample-132.pdf,Questo è un PDF di test
test-sample-126.pdf,Questo è un PDF di test
test-sample-640.pdf,Questo è un PDF di test
test-sample-898.pdf,Questo è un PDF di test
test-sample-668.pdf,Questo è un PDF di test
test-sample-907.pdf,Questo è un PDF di test
test-sample-913.pdf,Questo è un PDF di test
test-sample-720.pdf,Questo è un PDF di test
test-sample-734.pdf,Questo è un PDF di test
test-sample-708.pdf,Questo è un PDF di test
test-sample-287.pdf,Questo è un PDF di test
test-sample-293.pdf,Questo è un PDF di test
test-sample-244.pdf,Questo è un PDF di test
test-sample-522.pdf,Questo è un PDF di test
test-sample-536.pdf,Questo è un PDF di test
test-sample-250.pdf,Questo è un PDF di test
test-sample-278.pdf,Questo è un PDF di test
test-sample-508.pdf,Questo è un PDF di test
test-sample-520.pdf,Questo è un PDF di test
test-sample-246.pdf,Questo è un PDF di test
test-sample-252.pdf,Questo è un PDF di test
test-sample-534.pdf,Questo è un PDF di test
test-sample-285.pdf,Questo è un PDF di test
test-sample-291.pdf,Questo è un PDF di test
test-sample-722.pdf,Questo è un PDF di test
test-sample-736.pdf,Questo è un PDF di test
test-sample-905.pdf,Questo è un PDF di test
test-sample-911.pdf,Questo è un PDF di test
test-sample-939.pdf,Questo è un PDF di test
test-sample-89.pdf,Questo è un PDF di test
test-sample-118.pdf,Questo è un PDF di test
test-sample-130.pdf,Questo è un PDF di test
test-sample-656.pdf,Questo è un PDF di test
test-sample-642.pdf,Questo è un PDF di test
test-sample-124.pdf,Questo è un PDF di test
test-sample-871.pdf,Questo è un PDF di test
test-sample-865.pdf,Questo è un PDF di test
test-sample-76.pdf,Questo è un PDF di test
test-sample-695.pdf,Questo è un PDF di test
test-sample-62.pdf,Questo è un PDF di test
test-sample-681.pdf,Questo è un PDF di test
test-sample-859.pdf,Questo è un PDF di test
test-sample-468.pdf,Questo è un PDF di test
test-sample-454.pdf,Questo è un PDF di test
test-sample-332.pdf,Questo è un PDF di test
test-sample-326.pdf,Questo è un PDF di test
test-sample-440.pdf,Questo è un PDF di test
test-sample-497.pdf,Questo è un PDF di test
test-sample-483.pdf,Questo è un PDF di test
test-sample-482.pdf,Questo è un PDF di test
test-sample-496.pdf,Questo è un PDF di test
test-sample-327.pdf,Questo è un PDF di test
test-sample-441.pdf,Questo è un PDF di test
test-sample-455.pdf,Questo è un PDF di test
test-sample-333.pdf,Questo è un PDF di test
test-sample-469.pdf,Questo è un PDF di test
test-sample-858.pdf,Questo è un PDF di test
test-sample-680.pdf,Questo è un PDF di test
test-sample-63.pdf,Questo è un PDF di test
test-sample-694.pdf,Questo è un PDF di test
test-sample-77.pdf,Questo è un PDF di test
test-sample-864.pdf,Questo è un PDF di test
test-sample-870.pdf,Questo è un PDF di test
test-sample-643.pdf,Questo è un PDF di test
test-sample-125.pdf,Questo è un PDF di test
test-sample-131.pdf,Questo è un PDF di test
test-sample-657.pdf,Questo è un PDF di test
test-sample-119.pdf,Questo è un PDF di test
test-sample-88.pdf,Questo è un PDF di test
test-sample-938.pdf,Questo è un PDF di test
test-sample-910.pdf,Questo è un PDF di test
test-sample-904.pdf,Questo è un PDF di test
test-sample-737.pdf,Questo è un PDF di test
test-sample-723.pdf,Questo è un PDF di test
test-sample-290.pdf,Questo è un PDF di test
test-sample-284.pdf,Questo è un PDF di test
test-sample-253.pdf,Questo è un PDF di test
test-sample-535.pdf,Questo è un PDF di test
test-sample-521.pdf,Questo è un PDF di test
test-sample-247.pdf,Questo è un PDF di test
test-sample-509.pdf,Questo è un PDF di test
test-sample-262.pdf,Questo è un PDF di test
test-sample-504.pdf,Questo è un PDF di test
test-sample-510.pdf,Questo è un PDF di test
test-sample-276.pdf,Questo è un PDF di test
test-sample-538.pdf,Questo è un PDF di test
test-sample-289.pdf,Questo è un PDF di test
test-sample-706.pdf,Questo è un PDF di test
test-sample-712.pdf,Questo è un PDF di test
test-sample-909.pdf,Questo è un PDF di test
test-sample-921.pdf,Questo è un PDF di test
test-sample-935.pdf,Questo è un PDF di test
test-sample-91.pdf,Questo è un PDF di test
test-sample-672.pdf,Questo è un PDF di test
test-sample-114.pdf,Questo è un PDF di test
test-sample-100.pdf,Questo è un PDF di test
test-sample-85.pdf,Questo è un PDF di test
test-sample-666.pdf,Questo è un PDF di test
test-sample-896.pdf,Questo è un PDF di test
test-sample-128.pdf,Questo è un PDF di test
test-sample-882.pdf,Questo è un PDF di test
test-sample-52.pdf,Questo è un PDF di test
test-sample-869.pdf,Questo è un PDF di test
test-sample-46.pdf,Questo è un PDF di test
test-sample-855.pdf,Questo è un PDF di test
test-sample-699.pdf,Questo è un PDF di test
test-sample-841.pdf,Questo è un PDF di test
test-sample-316.pdf,Questo è un PDF di test
test-sample-470.pdf,Questo è un PDF di test
test-sample-464.pdf,Questo è un PDF di test
test-sample-302.pdf,Questo è un PDF di test
test-sample-458.pdf,Questo è un PDF di test
test-sample-459.pdf,Questo è un PDF di test
test-sample-465.pdf,Questo è un PDF di test
test-sample-303.pdf,Questo è un PDF di test
test-sample-317.pdf,Questo è un PDF di test
test-sample-471.pdf,Questo è un PDF di test
test-sample-840.pdf,Questo è un PDF di test
test-sample-698.pdf,Questo è un PDF di test
test-sample-854.pdf,Questo è un PDF di test
test-sample-47.pdf,Questo è un PDF di test
test-sample-868.pdf,Questo è un PDF di test
test-sample-53.pdf,Questo è un PDF di test
test-sample-883.pdf,Questo è un PDF di test
test-sample-897.pdf,Questo è un PDF di test
test-sample-129.pdf,Questo è un PDF di test
test-sample-101.pdf,Questo è un PDF di test
test-sample-667.pdf,Questo è un PDF di test
test-sample-84.pdf,Questo è un PDF di test
test-sample-673.pdf,Questo è un PDF di test
test-sample-90.pdf,Questo è un PDF di test
test-sample-115.pdf,Questo è un PDF di test
test-sample-934.pdf,Questo è un PDF di test
test-sample-920.pdf,Questo è un PDF di test
test-sample-908.pdf,Questo è un PDF di test
test-sample-1.pdf,Questo è un PDF di test
test-sample-713.pdf,Questo è un PDF di test
test-sample-707.pdf,Questo è un PDF di test
test-sample-288.pdf,Questo è un PDF di test
test-sample-539.pdf,Questo è un PDF di test
test-sample-511.pdf,Questo è un PDF di test
test-sample-277.pdf,Questo è un PDF di test
test-sample-263.pdf,Questo è un PDF di test
test-sample-505.pdf,Questo è un PDF di test
test-sample-275.pdf,Questo è un PDF di test
test-sample-513.pdf,Questo è un PDF di test
test-sample-507.pdf,Questo è un PDF di test
test-sample-261.pdf,Questo è un PDF di test
test-sample-249.pdf,Questo è un PDF di test
test-sample-711.pdf,Questo è un PDF di test
test-sample-705.pdf,Questo è un PDF di test
test-sample-3.pdf,Questo è un PDF di test
test-sample-739.pdf,Questo è un PDF di test
test-sample-936.pdf,Questo è un PDF di test
test-sample-922.pdf,Questo è un PDF di test
test-sample-665.pdf,Questo è un PDF di test
test-sample-86.pdf,Questo è un PDF di test
test-sample-103.pdf,Questo è un PDF di test
test-sample-117.pdf,Questo è un PDF di test
test-sample-671.pdf,Questo è un PDF di test
test-sample-92.pdf,Questo è un PDF di test
test-sample-881.pdf,Questo è un PDF di test
test-sample-659.pdf,Questo è un PDF di test
test-sample-895.pdf,Questo è un PDF di test
test-sample-45.pdf,Questo è un PDF di test
test-sample-51.pdf,Questo è un PDF di test
test-sample-79.pdf,Questo è un PDF di test
test-sample-842.pdf,Questo è un PDF di test
test-sample-856.pdf,Questo è un PDF di test
test-sample-301.pdf,Questo è un PDF di test
test-sample-467.pdf,Questo è un PDF di test
test-sample-473.pdf,Questo è un PDF di test
test-sample-315.pdf,Questo è un PDF di test
test-sample-329.pdf,Questo è un PDF di test
test-sample-498.pdf,Questo è un PDF di test
test-sample-499.pdf,Questo è un PDF di test
test-sample-328.pdf,Questo è un PDF di test
test-sample-472.pdf,Questo è un PDF di test
test-sample-314.pdf,Questo è un PDF di test
test-sample-300.pdf,Questo è un PDF di test
test-sample-466.pdf,Questo è un PDF di test
test-sample-857.pdf,Questo è un PDF di test
test-sample-843.pdf,Questo è un PDF di test
test-sample-78.pdf,Questo è un PDF di test
test-sample-50.pdf,Questo è un PDF di test
test-sample-44.pdf,Questo è un PDF di test
test-sample-894.pdf,Questo è un PDF di test
test-sample-658.pdf,Questo è un PDF di test
test-sample-880.pdf,Questo è un PDF di test
test-sample-116.pdf,Questo è un PDF di test
test-sample-93.pdf,Questo è un PDF di test
test-sample-670.pdf,Questo è un PDF di test
test-sample-87.pdf,Questo è un PDF di test
test-sample-664.pdf,Questo è un PDF di test
test-sample-102.pdf,Questo è un PDF di test
test-sample-923.pdf,Questo è un PDF di test
test-sample-937.pdf,Questo è un PDF di test
test-sample-738.pdf,Questo è un PDF di test
test-sample-2.pdf,Questo è un PDF di test
test-sample-704.pdf,Questo è un PDF di test
test-sample-710.pdf,Questo è un PDF di test
test-sample-248.pdf,Questo è un PDF di test
test-sample-506.pdf,Questo è un PDF di test
test-sample-260.pdf,Questo è un PDF di test
test-sample-274.pdf,Questo è un PDF di test
test-sample-512.pdf,Questo è un PDF di test
test-sample-258.pdf,Questo è un PDF di test
test-sample-516.pdf,Questo è un PDF di test
test-sample-270.pdf,Questo è un PDF di test
test-sample-264.pdf,Questo è un PDF di test
test-sample-502.pdf,Questo è un PDF di test
test-sample-6.pdf,Questo è un PDF di test
test-sample-728.pdf,Questo è un PDF di test
test-sample-714.pdf,Questo è un PDF di test
test-sample-700.pdf,Questo è un PDF di test
test-sample-933.pdf,Questo è un PDF di test
test-sample-927.pdf,Questo è un PDF di test
test-sample-884.pdf,Questo è un PDF di test
test-sample-890.pdf,Questo è un PDF di test
test-sample-648.pdf,Questo è un PDF di test
test-sample-106.pdf,Questo è un PDF di test
test-sample-660.pdf,Questo è un PDF di test
test-sample-83.pdf,Questo è un PDF di test
test-sample-674.pdf,Questo è un PDF di test
test-sample-97.pdf,Questo è un PDF di test
test-sample-112.pdf,Questo è un PDF di test
test-sample-847.pdf,Questo è un PDF di test
test-sample-68.pdf,Questo è un PDF di test
test-sample-853.pdf,Questo è un PDF di test
test-sample-40.pdf,Questo è un PDF di test
test-sample-54.pdf,Questo è un PDF di test
test-sample-338.pdf,Questo è un PDF di test
test-sample-462.pdf,Questo è un PDF di test
test-sample-304.pdf,Questo è un PDF di test
test-sample-310.pdf,Questo è un PDF di test
test-sample-476.pdf,Questo è un PDF di test
test-sample-489.pdf,Questo è un PDF di test
test-sample-488.pdf,Questo è un PDF di test
test-sample-311.pdf,Questo è un PDF di test
test-sample-477.pdf,Questo è un PDF di test
test-sample-463.pdf,Questo è un PDF di test
test-sample-305.pdf,Questo è un PDF di test
test-sample-339.pdf,Questo è un PDF di test
test-sample-55.pdf,Questo è un PDF di test
test-sample-41.pdf,Questo è un PDF di test
test-sample-852.pdf,Questo è un PDF di test
test-sample-69.pdf,Questo è un PDF di test
test-sample-846.pdf,Questo è un PDF di test
test-sample-96.pdf,Questo è un PDF di test
test-sample-675.pdf,Questo è un PDF di test
test-sample-113.pdf,Questo è un PDF di test
test-sample-107.pdf,Questo è un PDF di test
test-sample-82.pdf,Questo è un PDF di test
test-sample-661.pdf,Questo è un PDF di test
test-sample-649.pdf,Questo è un PDF di test
test-sample-891.pdf,Questo è un PDF di test
test-sample-885.pdf,Questo è un PDF di test
test-sample-926.pdf,Questo è un PDF di test
test-sample-932.pdf,Questo è un PDF di test
test-sample-701.pdf,Questo è un PDF di test
test-sample-715.pdf,Questo è un PDF di test
test-sample-729.pdf,Questo è un PDF di test
test-sample-7.pdf,Questo è un PDF di test
test-sample-265.pdf,Questo è un PDF di test
test-sample-503.pdf,Questo è un PDF di test
test-sample-517.pdf,Questo è un PDF di test
test-sample-271.pdf,Questo è un PDF di test
test-sample-259.pdf,Questo è un PDF di test
test-sample-529.pdf,Questo è un PDF di test
test-sample-501.pdf,Questo è un PDF di test
test-sample-267.pdf,Questo è un PDF di test
test-sample-273.pdf,Questo è un PDF di test
test-sample-515.pdf,Questo è un PDF di test
test-sample-298.pdf,Questo è un PDF di test
test-sample-5.pdf,Questo è un PDF di test
test-sample-703.pdf,Questo è un PDF di test
test-sample-717.pdf,Questo è un PDF di test
test-sample-924.pdf,Questo è un PDF di test
test-sample-930.pdf,Questo è un PDF di test
test-sample-918.pdf,Questo è un PDF di test
test-sample-893.pdf,Questo è un PDF di test
test-sample-887.pdf,Questo è un PDF di test
test-sample-139.pdf,Questo è un PDF di test
test-sample-111.pdf,Questo è un PDF di test
test-sample-94.pdf,Questo è un PDF di test
test-sample-677.pdf,Questo è un PDF di test
test-sample-80.pdf,Questo è un PDF di test
test-sample-663.pdf,Questo è un PDF di test
test-sample-105.pdf,Questo è un PDF di test
test-sample-688.pdf,Questo è un PDF di test
test-sample-850.pdf,Questo è un PDF di test
test-sample-844.pdf,Questo è un PDF di test
test-sample-57.pdf,Questo è un PDF di test
test-sample-43.pdf,Questo è un PDF di test
test-sample-878.pdf,Questo è un PDF di test
test-sample-449.pdf,Questo è un PDF di test
test-sample-475.pdf,Questo è un PDF di test
test-sample-313.pdf,Questo è un PDF di test
test-sample-307.pdf,Questo è un PDF di test
test-sample-461.pdf,Questo è un PDF di test
test-sample-306.pdf,Questo è un PDF di test
test-sample-460.pdf,Questo è un PDF di test
test-sample-474.pdf,Questo è un PDF di test
test-sample-312.pdf,Questo è un PDF di test
test-sample-448.pdf,Questo è un PDF di test
test-sample-879.pdf,Questo è un PDF di test
test-sample-42.pdf,Questo è un PDF di test
test-sample-56.pdf,Questo è un PDF di test
test-sample-845.pdf,Questo è un PDF di test
test-sample-851.pdf,Questo è un PDF di test
test-sample-689.pdf,Questo è un PDF di test
test-sample-662.pdf,Questo è un PDF di test
test-sample-81.pdf,Questo è un PDF di test
test-sample-104.pdf,Questo è un PDF di test
test-sample-110.pdf,Questo è un PDF di test
test-sample-676.pdf,Questo è un PDF di test
test-sample-95.pdf,Questo è un PDF di test
test-sample-886.pdf,Questo è un PDF di test
test-sample-138.pdf,Questo è un PDF di test
test-sample-892.pdf,Questo è un PDF di test
test-sample-919.pdf,Questo è un PDF di test
test-sample-931.pdf,Questo è un PDF di test
test-sample-925.pdf,Questo è un PDF di test
test-sample-716.pdf,Questo è un PDF di test
test-sample-702.pdf,Questo è un PDF di test
test-sample-4.pdf,Questo è un PDF di test
test-sample-299.pdf,Questo è un PDF di test
test-sample-272.pdf,Questo è un PDF di test
test-sample-514.pdf,Questo è un PDF di test
test-sample-500.pdf,Questo è un PDF di test
test-sample-266.pdf,Questo è un PDF di test
test-sample-528.pdf,Questo è un PDF di test
test-sample-567.pdf,Questo è un PDF di test
test-sample-201.pdf,Questo è un PDF di test
test-sample-215.pdf,Questo è un PDF di test
test-sample-573.pdf,Questo è un PDF di test
test-sample-229.pdf,Questo è un PDF di test
test-sample-598.pdf,Questo è un PDF di test
test-sample-765.pdf,Questo è un PDF di test
test-sample-771.pdf,Questo è un PDF di test
test-sample-759.pdf,Questo è un PDF di test
test-sample-981.pdf,Questo è un PDF di test
test-sample-995.pdf,Questo è un PDF di test
test-sample-942.pdf,Questo è un PDF di test
test-sample-956.pdf,Questo è un PDF di test
test-sample-177.pdf,Questo è un PDF di test
test-sample-611.pdf,Questo è un PDF di test
test-sample-605.pdf,Questo è un PDF di test
test-sample-163.pdf,Questo è un PDF di test
test-sample-639.pdf,Questo è un PDF di test
test-sample-31.pdf,Questo è un PDF di test
test-sample-25.pdf,Questo è un PDF di test
test-sample-188.pdf,Questo è un PDF di test
test-sample-836.pdf,Questo è un PDF di test
test-sample-19.pdf,Questo è un PDF di test
test-sample-822.pdf,Questo è un PDF di test
test-sample-413.pdf,Questo è un PDF di test
test-sample-375.pdf,Questo è un PDF di test
test-sample-361.pdf,Questo è un PDF di test
test-sample-407.pdf,Questo è un PDF di test
test-sample-349.pdf,Questo è un PDF di test
test-sample-348.pdf,Questo è un PDF di test
test-sample-360.pdf,Questo è un PDF di test
test-sample-406.pdf,Questo è un PDF di test
test-sample-412.pdf,Questo è un PDF di test
test-sample-374.pdf,Questo è un PDF di test
test-sample-823.pdf,Questo è un PDF di test
test-sample-18.pdf,Questo è un PDF di test
test-sample-189.pdf,Questo è un PDF di test
test-sample-837.pdf,Questo è un PDF di test
test-sample-24.pdf,Questo è un PDF di test
test-sample-30.pdf,Questo è un PDF di test
test-sample-638.pdf,Questo è un PDF di test
test-sample-604.pdf,Questo è un PDF di test
test-sample-162.pdf,Questo è un PDF di test
test-sample-176.pdf,Questo è un PDF di test
test-sample-610.pdf,Questo è un PDF di test
test-sample-957.pdf,Questo è un PDF di test
test-sample-943.pdf,Questo è un PDF di test
test-sample-994.pdf,Questo è un PDF di test
test-sample-980.pdf,Questo è un PDF di test
test-sample-758.pdf,Questo è un PDF di test
test-sample-770.pdf,Questo è un PDF di test
test-sample-764.pdf,Questo è un PDF di test
test-sample-599.pdf,Questo è un PDF di test
test-sample-228.pdf,Questo è un PDF di test
test-sample-214.pdf,Questo è un PDF di test
test-sample-572.pdf,Questo è un PDF di test
test-sample-566.pdf,Questo è un PDF di test
test-sample-200.pdf,Questo è un PDF di test
test-sample-570.pdf,Questo è un PDF di test
test-sample-216.pdf,Questo è un PDF di test
test-sample-202.pdf,Questo è un PDF di test
test-sample-564.pdf,Questo è un PDF di test
test-sample-558.pdf,Questo è un PDF di test
test-sample-772.pdf,Questo è un PDF di test
test-sample-766.pdf,Questo è un PDF di test
test-sample-996.pdf,Questo è un PDF di test
test-sample-982.pdf,Questo è un PDF di test
test-sample-969.pdf,Questo è un PDF di test
test-sample-955.pdf,Questo è un PDF di test
test-sample-941.pdf,Questo è un PDF di test
test-sample-799.pdf,Questo è un PDF di test
test-sample-160.pdf,Questo è un PDF di test
test-sample-606.pdf,Questo è un PDF di test
test-sample-612.pdf,Questo è un PDF di test
test-sample-174.pdf,Questo è un PDF di test
test-sample-148.pdf,Questo è un PDF di test
test-sample-26.pdf,Questo è un PDF di test
test-sample-32.pdf,Questo è un PDF di test
test-sample-809.pdf,Questo è un PDF di test
test-sample-821.pdf,Questo è un PDF di test
test-sample-835.pdf,Questo è un PDF di test
test-sample-404.pdf,Questo è un PDF di test
test-sample-362.pdf,Questo è un PDF di test
test-sample-376.pdf,Questo è un PDF di test
test-sample-410.pdf,Questo è un PDF di test
test-sample-438.pdf,Questo è un PDF di test
test-sample-389.pdf,Questo è un PDF di test
test-sample-388.pdf,Questo è un PDF di test
test-sample-439.pdf,Questo è un PDF di test
test-sample-377.pdf,Questo è un PDF di test
test-sample-411.pdf,Questo è un PDF di test
test-sample-405.pdf,Questo è un PDF di test
test-sample-363.pdf,Questo è un PDF di test
test-sample-834.pdf,Questo è un PDF di test
test-sample-820.pdf,Questo è un PDF di test
test-sample-808.pdf,Questo è un PDF di test
test-sample-33.pdf,Questo è un PDF di test
test-sample-27.pdf,Questo è un PDF di test
test-sample-149.pdf,Questo è un PDF di test
test-sample-613.pdf,Questo è un PDF di test
test-sample-175.pdf,Questo è un PDF di test
test-sample-161.pdf,Questo è un PDF di test
test-sample-607.pdf,Questo è un PDF di test
test-sample-798.pdf,Questo è un PDF di test
test-sample-940.pdf,Questo è un PDF di test
test-sample-954.pdf,Questo è un PDF di test
test-sample-968.pdf,Questo è un PDF di test
test-sample-983.pdf,Questo è un PDF di test
test-sample-997.pdf,Questo è un PDF di test
test-sample-767.pdf,Questo è un PDF di test
test-sample-773.pdf,Questo è un PDF di test
test-sample-559.pdf,Questo è un PDF di test
test-sample-203.pdf,Questo è un PDF di test
test-sample-565.pdf,Questo è un PDF di test
test-sample-571.pdf,Questo è un PDF di test
test-sample-217.pdf,Questo è un PDF di test
test-sample-549.pdf,Questo è un PDF di test
test-sample-213.pdf,Questo è un PDF di test
test-sample-575.pdf,Questo è un PDF di test
test-sample-561.pdf,Questo è un PDF di test
test-sample-207.pdf,Questo è un PDF di test
test-sample-993.pdf,Questo è un PDF di test
test-sample-987.pdf,Questo è un PDF di test
test-sample-777.pdf,Questo è un PDF di test
test-sample-763.pdf,Questo è un PDF di test
test-sample-950.pdf,Questo è un PDF di test
test-sample-788.pdf,Questo è un PDF di test
test-sample-944.pdf,Questo è un PDF di test
test-sample-978.pdf,Questo è un PDF di test
test-sample-159.pdf,Questo è un PDF di test
test-sample-603.pdf,Questo è un PDF di test
test-sample-165.pdf,Questo è un PDF di test
test-sample-171.pdf,Questo è un PDF di test
test-sample-617.pdf,Questo è un PDF di test
test-sample-824.pdf,Questo è un PDF di test
test-sample-830.pdf,Questo è un PDF di test
test-sample-23.pdf,Questo è un PDF di test
test-sample-818.pdf,Questo è un PDF di test
test-sample-37.pdf,Questo è un PDF di test
test-sample-429.pdf,Questo è un PDF di test
test-sample-367.pdf,Questo è un PDF di test
test-sample-401.pdf,Questo è un PDF di test
test-sample-415.pdf,Questo è un PDF di test
test-sample-373.pdf,Questo è un PDF di test
test-sample-398.pdf,Questo è un PDF di test
test-sample-399.pdf,Questo è un PDF di test
test-sample-414.pdf,Questo è un PDF di test
test-sample-372.pdf,Questo è un PDF di test
test-sample-366.pdf,Questo è un PDF di test
test-sample-400.pdf,Questo è un PDF di test
test-sample-428.pdf,Questo è un PDF di test
test-sample-36.pdf,Questo è un PDF di test
test-sample-819.pdf,Questo è un PDF di test
test-sample-22.pdf,Questo è un PDF di test
test-sample-831.pdf,Questo è un PDF di test
test-sample-825.pdf,Questo è un PDF di test
test-sample-170.pdf,Questo è un PDF di test
test-sample-616.pdf,Questo è un PDF di test
test-sample-602.pdf,Questo è un PDF di test
test-sample-164.pdf,Questo è un PDF di test
test-sample-158.pdf,Questo è un PDF di test
test-sample-979.pdf,Questo è un PDF di test
test-sample-945.pdf,Questo è un PDF di test
test-sample-789.pdf,Questo è un PDF di test
test-sample-951.pdf,Questo è un PDF di test
test-sample-762.pdf,Questo è un PDF di test
test-sample-776.pdf,Questo è un PDF di test
test-sample-986.pdf,Questo è un PDF di test
test-sample-992.pdf,Questo è un PDF di test
test-sample-560.pdf,Questo è un PDF di test
test-sample-206.pdf,Questo è un PDF di test
test-sample-212.pdf,Questo è un PDF di test
test-sample-574.pdf,Questo è un PDF di test
test-sample-548.pdf,Questo è un PDF di test
test-sample-238.pdf,Questo è un PDF di test
test-sample-204.pdf,Questo è un PDF di test
test-sample-562.pdf,Questo è un PDF di test
test-sample-576.pdf,Questo è un PDF di test
test-sample-210.pdf,Questo è un PDF di test
test-sample-589.pdf,Questo è un PDF di test
test-sample-984.pdf,Questo è un PDF di test
test-sample-748.pdf,Questo è un PDF di test
test-sample-990.pdf,Questo è un PDF di test
test-sample-760.pdf,Questo è un PDF di test
test-sample-774.pdf,Questo è un PDF di test
test-sample-947.pdf,Questo è un PDF di test
test-sample-953.pdf,Questo è un PDF di test
test-sample-628.pdf,Questo è un PDF di test
test-sample-614.pdf,Questo è un PDF di test
test-sample-172.pdf,Questo è un PDF di test
test-sample-166.pdf,Questo è un PDF di test
test-sample-600.pdf,Questo è un PDF di test
test-sample-833.pdf,Questo è un PDF di test
test-sample-199.pdf,Questo è un PDF di test
test-sample-827.pdf,Questo è un PDF di test
test-sample-34.pdf,Questo è un PDF di test
test-sample-20.pdf,Questo è un PDF di test
test-sample-358.pdf,Questo è un PDF di test
test-sample-370.pdf,Questo è un PDF di test
test-sample-416.pdf,Questo è un PDF di test
test-sample-402.pdf,Questo è un PDF di test
test-sample-364.pdf,Questo è un PDF di test
test-sample-403.pdf,Questo è un PDF di test
test-sample-365.pdf,Questo è un PDF di test
test-sample-371.pdf,Questo è un PDF di test
test-sample-417.pdf,Questo è un PDF di test
test-sample-359.pdf,Questo è un PDF di test
test-sample-21.pdf,Questo è un PDF di test
test-sample-35.pdf,Questo è un PDF di test
test-sample-198.pdf,Questo è un PDF di test
test-sample-826.pdf,Questo è un PDF di test
test-sample-832.pdf,Questo è un PDF di test
test-sample-167.pdf,Questo è un PDF di test
test-sample-601.pdf,Questo è un PDF di test
test-sample-615.pdf,Questo è un PDF di test
test-sample-173.pdf,Questo è un PDF di test
test-sample-629.pdf,Questo è un PDF di test
test-sample-952.pdf,Questo è un PDF di test
test-sample-946.pdf,Questo è un PDF di test
test-sample-775.pdf,Questo è un PDF di test
test-sample-761.pdf,Questo è un PDF di test
test-sample-991.pdf,Questo è un PDF di test
test-sample-749.pdf,Questo è un PDF di test
test-sample-985.pdf,Questo è un PDF di test
test-sample-588.pdf,Questo è un PDF di test
test-sample-577.pdf,Questo è un PDF di test
test-sample-211.pdf,Questo è un PDF di test
test-sample-205.pdf,Questo è un PDF di test
test-sample-563.pdf,Questo è un PDF di test
test-sample-239.pdf,Questo è un PDF di test
